{
  "project_info": {
    "project_number": "336781917526",
    "project_id": "music-app-4a3e0",
    "storage_bucket": "music-app-4a3e0.appspot.com"
  },
  "client": [
    {
      "client_info": {
        "mobilesdk_app_id": "1:336781917526:android:77fd946b00ad9bffc0eaf7",
        "android_client_info": {
          "package_name": "com.example.musicapp"
        }
      },
      "oauth_client": [
        {
          "client_id": "336781917526-8jurkqve4lfnc2qtpe72h4qtem1bkinj.apps.googleusercontent.com",
          "client_type": 1,
          "android_info": {
            "package_name": "com.example.musicapp",
            "certificate_hash": "d25516fc748135cfe04ae66a2366c256598755d1"
          }
        },
        {
          "client_id": "336781917526-s9buklq585e4rde8mavhq9di3djrjfs7.apps.googleusercontent.com",
          "client_type": 3
        }
      ],
      "api_key": [
        {
          "current_key": "AIzaSyAwPIrRejyxs8ZvYIvzd5caGb_08_Siv18"
        }
      ],
      "services": {
        "appinvite_service": {
          "other_platform_oauth_client": [
            {
              "client_id": "336781917526-s9buklq585e4rde8mavhq9di3djrjfs7.apps.googleusercontent.com",
              "client_type": 3
            }
          ]
        }
      }
    }
  ],
  "configuration_version": "1"
}