{
  "project_info": {
    "project_number": "694211402700",
    "project_id": "demoflutterfirebase-6d76c",
    "storage_bucket": "demoflutterfirebase-6d76c.appspot.com"
  },
  "client": [
    {
      "client_info": {
        "mobilesdk_app_id": "1:694211402700:android:9254f8c64666cfc1e21b69",
        "android_client_info": {
          "package_name": "com.brainmentors.flutter_firebase_example.flutter_firebase_example"
        }
      },
      "oauth_client": [
        {
          "client_id": "694211402700-ep22idj7qo9riaricocc61brrk8a9rfc.apps.googleusercontent.com",
          "client_type": 3
        }
      ],
      "api_key": [
        {
          "current_key": "AIzaSyDQ-3yCwrJ7Ftl6zM7rSexO20XfJNEZFK0"
        }
      ],
      "services": {
        "appinvite_service": {
          "other_platform_oauth_client": [
            {
              "client_id": "694211402700-ep22idj7qo9riaricocc61brrk8a9rfc.apps.googleusercontent.com",
              "client_type": 3
            }
          ]
        }
      }
    }
  ],
  "configuration_version": "1"
}